customer_id,fico_score,chargeback_rate_6m,debt_to_income_ratio,previous_chargebacks_total,ssn_verification_score,is_known_fraudster
CUST_000000,730,0.029296213304337463,0.30779920536622396,2,0.9555737424473909,False
CUST_000001,667,0.01416637876860534,0.4207234535108696,2,0.7235987904540616,False
CUST_000002,749,0.012062762857568656,0.3666541200401914,1,0.8319199997054685,False
CUST_000003,711,0.02328995421180981,0.20449683325469942,1,0.9794991066465252,False
CUST_000004,706,0.01221687405288098,0.2049873913957327,0,0.8906953573841365,False
CUST_000005,736,0.013321319852901563,0.328415742827548,2,0.7804615722154042,False
CUST_000006,783,0.008031780417741365,0.19096950197609822,1,0.7310119566820862,False
CUST_000007,809,0.0167830058362829,0.36994642973203806,0,0.7905338522925369,False
CUST_000008,721,0.01730033573827962,0.4212490661651267,1,0.7556297763010953,False
CUST_000009,737,0.004111496066679423,0.23201321576467376,0,0.9639306056051262,False
CUST_000010,723,0.024022678996111126,0.1819656076741628,2,0.8275984661445211,False
CUST_000011,663,0.024288238331651717,0.2520743772001112,1,0.9336375023226166,False
CUST_000012,725,0.0027482609056147097,0.26563523164388647,0,0.8043153615732462,False
CUST_000013,712,0.026592423502932148,0.13431697861595204,2,0.8384053007967224,False
CUST_000014,804,0.006389356850479109,0.26688122107665213,1,0.7742150197920007,False
CUST_000015,678,0.012433261019240683,0.21961298917064134,0,0.7781595228695143,False
CUST_000016,848,0.006495580372755513,0.3795014933634936,2,0.9964662031763077,False
CUST_000017,681,0.002957364960159998,0.4105352657579131,0,0.7101601552243523,False
CUST_000018,671,0.02915635513891574,0.4352001922864783,1,0.7078307356908193,False
CUST_000019,742,0.01414597143476012,0.16257935744292817,1,0.8737916294249152,False
CUST_000020,739,0.013787883935747178,0.22575874105460836,0,0.7930540446382512,False
CUST_000021,713,0.027416694733279044,0.4381543345389506,0,0.8313221721264942,False
CUST_000022,660,0.021157771717218072,0.16190126288263026,1,0.9864399736705385,False
CUST_000023,752,0.007005151738287848,0.43039423996795156,2,0.9372845952042447,False
CUST_000024,830,0.01368216897752159,0.1266433069110315,2,0.7701024340695355,False
CUST_000025,736,0.02577817850746846,0.18970152022746142,0,0.8598050273571101,False
CUST_000026,706,0.014334316353332686,0.3835118222816316,1,0.9623952602062298,False
CUST_000027,737,0.007916647097779717,0.3181629033007982,0,0.7488936015750538,False
CUST_000028,717,0.026274087369314462,0.3831599085471068,2,0.714940366286576,False
CUST_000029,683,0.002568876096026935,0.1316113719516127,0,0.9875961302349301,False
CUST_000030,738,0.02534619857308655,0.16227273224830374,1,0.808056163939132,False
CUST_000031,724,0.028515485264374404,0.16822459896028505,1,0.7886027477835486,False
CUST_000032,709,0.02143012731009913,0.1500504138438503,1,0.848618334949174,False
CUST_000033,661,0.0032581068078312136,0.2304594723782741,0,0.9674252580033647,False
CUST_000034,832,0.01938932893053986,0.25112639692622796,2,0.8143529692867156,False
CUST_000035,813,0.026300083512687852,0.2965474013783293,0,0.7955115487968394,False
CUST_000036,710,0.019089793685390575,0.4451060767524989,0,0.7956826452124081,False
CUST_000037,779,0.018970435960849238,0.25910099369236284,1,0.8615742255370739,False
CUST_000038,841,0.007477420989744077,0.14666755341216778,1,0.780869885899061,False
CUST_000039,721,0.016337658987054575,0.3612858727522913,2,0.7586098890449529,False
CUST_000040,704,0.002372928735103921,0.44257890724755555,1,0.8621439264656984,False
CUST_000041,780,0.01856574869803862,0.21884550934895475,2,0.7688180266729017,False
CUST_000042,653,0.018724649960595176,0.17633591925913006,1,0.8811347884469951,False
CUST_000043,637,0.34845466947239,0.585638963093077,5,0.4426545212071278,True
CUST_000044,718,0.02313979815884159,0.38313931172272786,2,0.858527924619978,False
CUST_000045,829,0.022431877752374357,0.3611060705600745,1,0.8206563445936703,False
CUST_000046,650,0.009350010003972398,0.2113428336077583,2,0.9423615813617237,False
CUST_000047,735,0.023982456428610317,0.13133263590320182,2,0.7740612277210129,False
CUST_000048,795,0.00901407482080165,0.41498271893903516,1,0.7374553654878814,False
CUST_000049,755,0.005958026466190494,0.10574536545878728,2,0.9647429415038478,False
CUST_000050,834,0.004654124301421538,0.3657348808688363,0,0.830275498507627,False
CUST_000051,765,0.013580840653425835,0.27833709267967377,2,0.9189892287291295,False
CUST_000052,665,0.007072021878577128,0.3750177503417075,0,0.7840422160997551,False
CUST_000053,696,0.008709310130725855,0.14772971557486278,0,0.9415292554426556,False
CUST_000054,738,0.012519539504679066,0.20798418846098385,2,0.8686870095945909,False
CUST_000055,717,0.024687410807474268,0.14484591035172345,1,0.8862914197159562,False
CUST_000056,745,0.007423858751039007,0.1535073436163272,0,0.7109966664314408,False
CUST_000057,800,0.02382147010202417,0.3520339047292421,2,0.748477259376363,False
CUST_000058,767,0.008711429745912646,0.3101929534175028,1,0.9175888623468027,False
CUST_000059,684,0.014264472403219517,0.41197569033052306,0,0.9145271314421575,False
CUST_000060,698,0.013226166011524983,0.44050170124506893,0,0.9554057724015323,False
CUST_000061,796,0.017423398429118556,0.3001651310276705,0,0.8723344488532363,False
CUST_000062,731,0.023744620366454344,0.1242575009676392,0,0.8564713567255777,False
CUST_000063,850,0.015454318667205928,0.44183716278709406,1,0.9783824999591619,False
CUST_000064,733,0.008471960392527924,0.15272494876229176,0,0.7453713170753852,False
CUST_000065,816,0.013203212718374852,0.2936609049096618,2,0.91900711732706,False
CUST_000066,754,0.01539593775631417,0.11837775257898861,0,0.7710174088741891,False
CUST_000067,672,0.01850352539496762,0.13347420832651719,0,0.7759653105728077,False
CUST_000068,811,0.028029147346989813,0.10031162085648518,2,0.8979811504390256,False
CUST_000069,810,0.01882594392741655,0.37050179093917335,1,0.7399668400826528,False
CUST_000070,801,0.003205779575385827,0.3813471314466931,1,0.934067940246673,False
CUST_000071,809,0.010836725224769871,0.11425570042479147,2,0.9759249381276109,False
CUST_000072,833,0.019793114876519583,0.3448956569045599,2,0.7086593463409927,False
CUST_000073,733,0.012664791013689024,0.21893175854812263,0,0.7908513543386684,False
CUST_000074,719,0.021186671926245296,0.11977556221741197,0,0.8082723850916319,False
CUST_000075,798,0.010625802105081083,0.2116535906008697,2,0.7891258619272867,False
CUST_000076,789,0.011611029125412804,0.2744442843139827,1,0.8556846974286344,False
CUST_000077,731,0.005594261072331896,0.12642824498847793,0,0.9781043401467657,False
CUST_000078,827,0.023403750647526315,0.2843188269696423,0,0.7633417262720271,False
CUST_000079,726,0.02009820632831274,0.41807023856842707,2,0.7911562241218932,False
CUST_000080,825,0.013425419428158652,0.23531761533448042,0,0.9810909708613661,False
CUST_000081,716,0.02500568208384364,0.29664819325104275,2,0.760878647710933,False
CUST_000082,772,0.01844456498484122,0.15513708624225436,2,0.8907564651626735,False
CUST_000083,806,0.006852738088760228,0.1999607571023322,2,0.9853882207602158,False
CUST_000084,777,0.006453062606804001,0.24759828258918265,2,0.7322617169179525,False
CUST_000085,776,0.018410380450411202,0.40326029301335453,1,0.7739480378844311,False
CUST_000086,778,0.021528986019379758,0.180482920262436,0,0.7382440147004561,False
CUST_000087,698,0.010501935598613212,0.11109878758003172,0,0.9338639339305606,False
CUST_000088,674,0.006429641711836997,0.11662088427129894,2,0.9782364916997197,False
CUST_000089,789,0.013706701524395484,0.28319886586056975,1,0.7368186817680901,False
CUST_000090,834,0.007224292569734443,0.35795486320709713,2,0.9732554171397976,False
CUST_000091,732,0.023071206449267346,0.11602075805093542,0,0.7639821212373863,False
CUST_000092,795,0.018796868602487526,0.10836047156209945,0,0.926854543523342,False
CUST_000093,704,0.01933833591931428,0.37664104251107333,2,0.9139725954068492,False
CUST_000094,667,0.012948932752837032,0.3569292292967553,2,0.7510652051185065,False
CUST_000095,762,0.026150443176231126,0.2682534910713045,2,0.7706020956633592,False
CUST_000096,653,0.01604815878636013,0.11561259347639125,1,0.9549580622777343,False
CUST_000097,707,0.015497843725741225,0.42037349361657395,1,0.7933026346312835,False
CUST_000098,790,0.011341762471673927,0.15084282300542434,0,0.7755882915559228,False
CUST_000099,743,0.0015011111656306662,0.42556837750995546,1,0.8245619707101289,False
CUST_000100,628,0.15907281867589484,0.8196384111961987,16,0.4172071427925278,True
CUST_000101,820,0.021518736624575065,0.3023891888250767,0,0.8343652733484743,False
CUST_000102,777,0.017322471873007703,0.16021909257350442,1,0.981016873093942,False
CUST_000103,710,0.023565513808207535,0.12333088377638518,1,0.9203901595980833,False
CUST_000104,825,0.017392044997552886,0.33578707926828555,1,0.9566629320409066,False
CUST_000105,676,0.0015464737243045742,0.27402465863876013,1,0.7855094416162004,False
CUST_000106,793,0.026112047425280473,0.17701376295700874,2,0.8893382452893592,False
CUST_000107,740,0.018487415172913964,0.29932835073486586,1,0.7400109764768109,False
CUST_000108,828,0.01943773135891848,0.4357228076239248,1,0.9792916644217835,False
CUST_000109,706,0.026240510087565075,0.30570389444425533,0,0.9626803939557614,False
CUST_000110,741,0.013716040335422383,0.10352874406510275,2,0.882542327301669,False
CUST_000111,700,0.01085888832768047,0.31159023020092663,2,0.883675768747016,False
CUST_000112,765,0.02974968194586599,0.34617789531448817,0,0.8731984080039521,False
CUST_000113,838,0.0031183937017590854,0.23677146230393448,2,0.8482516963312701,False
CUST_000114,750,0.013256671241892618,0.3681765365253168,1,0.9378739737512696,False
CUST_000115,784,0.003915770971175148,0.337061159236934,0,0.7265143253840064,False
CUST_000116,765,0.013760643940041329,0.39334578322459,0,0.72775999150116,False
CUST_000117,805,0.008934721019618841,0.4477190813872278,2,0.7154067996026316,False
CUST_000118,772,0.001362688388180878,0.3065774262174269,1,0.8461092941053734,False
CUST_000119,780,0.027543725087485822,0.20757420642606167,2,0.9856848750937929,False
CUST_000120,654,0.026455754593713722,0.2482248287263017,2,0.7352215979113275,False
CUST_000121,749,0.0013875605771220296,0.18195744125627183,2,0.8002925834634482,False
CUST_000122,745,0.02901437484528212,0.331929193074772,1,0.8242101926764928,False
CUST_000123,702,0.011192306753406198,0.27492034347730365,2,0.7076844161925113,False
CUST_000124,848,0.024385786009840836,0.1669542539689815,2,0.7236597778012326,False
CUST_000125,652,0.017595097722938068,0.3245598291032987,1,0.7787715432741311,False
CUST_000126,733,0.001033929608852432,0.2787314186644152,2,0.8265104890805781,False
CUST_000127,663,0.024777895862111578,0.2862004188441054,0,0.9805589378159234,False
CUST_000128,737,0.0064339170392190325,0.3379682037524376,2,0.7094822665546043,False
CUST_000129,820,0.007447514782338231,0.16591187784943173,1,0.9225224705123715,False
CUST_000130,784,0.007489096403586598,0.4248354735404032,2,0.8144992161961566,False
CUST_000131,738,0.0087257510954863,0.28567417564825837,1,0.8267027139045535,False
CUST_000132,811,0.0038368238726684345,0.14756076545338945,1,0.8442124806743037,False
CUST_000133,706,0.02381869133551913,0.11511233574830693,0,0.9392453316650227,False
CUST_000134,699,0.014314584135231973,0.4007160089762397,1,0.8560977738967928,False
CUST_000135,784,0.008322198515984598,0.363648117342553,0,0.9023147098598919,False
CUST_000136,841,0.00435563446838803,0.3642792580169275,0,0.8749080247839052,False
CUST_000137,816,0.023034108023196394,0.43851189469126184,1,0.9735333796583462,False
CUST_000138,836,0.026373151700457422,0.43347962099095105,1,0.7391564277053999,False
CUST_000139,694,0.01005666407700068,0.38956723778165303,1,0.7085294307292231,False
CUST_000140,653,0.0265311574429693,0.32489715467638036,0,0.8265856301749201,False
CUST_000141,666,0.013671989961294661,0.12038842344376037,2,0.767123654565621,False
CUST_000142,676,0.017593713619390803,0.1557296693008192,2,0.9574617192761942,False
CUST_000143,672,0.007431644625851316,0.4128033138238525,1,0.7421238589916139,False
CUST_000144,818,0.020743540530941382,0.23979798630644755,0,0.779631733662737,False
CUST_000145,717,0.01556444383072994,0.18857407501483192,2,0.8953626719589154,False
CUST_000146,682,0.00220790545729415,0.39903839339880454,1,0.7932862373739524,False
CUST_000147,772,0.019494224178237225,0.42143671892046564,0,0.9873036385248839,False
CUST_000148,716,0.0034769349608120793,0.1416273435338798,1,0.9391435657430884,False
CUST_000149,747,0.016178221747263473,0.3693232372188773,1,0.8134068102608654,False
CUST_000150,784,0.016057580257293407,0.19224059093382198,0,0.9232936165179687,False
CUST_000151,779,0.005216239417223842,0.26047629582660076,1,0.7881281928015799,False
CUST_000152,681,0.003541650553480999,0.4307248089955543,2,0.8559003174166607,False
CUST_000153,671,0.005809431255440257,0.12528561616744371,2,0.7108292334510316,False
CUST_000154,735,0.020949303130321128,0.42165313433968143,0,0.8376070625508338,False
CUST_000155,752,0.017640872059390293,0.23519609693076757,1,0.9447224090116224,False
CUST_000156,712,0.01148312263098615,0.2894419589761525,1,0.7127829000164048,False
CUST_000157,709,0.010624898384985069,0.28270793688412066,2,0.8140519501150241,False
CUST_000158,715,0.013033194443052641,0.34330835579555996,2,0.9500764322125979,False
CUST_000159,663,0.007933586361420972,0.29840113752220726,2,0.7616621675661581,False
CUST_000160,703,0.010622245877622623,0.3481176521416406,1,0.8779882929090255,False
CUST_000161,712,0.011352661522799054,0.27227490865213133,1,0.9043817540723051,False
CUST_000162,671,0.023798634412875393,0.41439218448404824,0,0.8756432389025601,False
CUST_000163,746,0.017348382633692157,0.43304211938122295,0,0.8320576324082171,False
CUST_000164,831,0.006840076913687088,0.4306978427718492,1,0.8229696598815068,False
CUST_000165,833,0.027856735713168504,0.15973871795217032,2,0.8914275934436912,False
CUST_000166,768,0.0288049778266782,0.31201724798287633,0,0.8070223375963727,False
CUST_000167,670,0.027566210179047663,0.40578676012773907,1,0.8007354819795218,False
CUST_000168,721,0.012928068158099201,0.4450315019295147,2,0.805751119234232,False
CUST_000169,578,0.32147030291987905,0.8704803996614217,20,0.5583251645630737,True
CUST_000170,796,0.013257035709261188,0.17036065131707764,0,0.7606124460854634,False
CUST_000171,702,0.028682510497500584,0.17307333378273712,0,0.8428779517650331,False
CUST_000172,733,0.022948864645117036,0.41773174454423967,0,0.9448488837570221,False
CUST_000173,684,0.016591720265058913,0.44887603090007355,0,0.809760186605103,False
CUST_000174,670,0.016114758823536707,0.4331040809036695,2,0.841893539157393,False
CUST_000175,783,0.029156405985890293,0.3747416878635791,0,0.977177943231706,False
CUST_000176,832,0.026512917221008892,0.2646146983659281,1,0.8169033305221317,False
CUST_000177,788,0.029404216009620742,0.15129085299621495,1,0.9247453731134413,False
CUST_000178,845,0.016910427390550983,0.33672932521072513,2,0.9097001493477375,False
CUST_000179,764,0.0219297421117234,0.3459217649103423,2,0.9914975158583377,False
CUST_000180,680,0.02132151836379284,0.2713339736308847,0,0.7687582175038895,False
CUST_000181,752,0.018195744530286332,0.2796148744064866,1,0.9648902940536987,False
CUST_000182,711,0.010153899430091321,0.3584258477553146,0,0.9142375917125412,False
CUST_000183,794,0.009352519069555011,0.12842201987030305,1,0.8915414318674231,False
CUST_000184,709,0.02898844867266981,0.43210437339923036,1,0.8304192446523021,False
CUST_000185,782,0.004189098017826779,0.22192039570769823,2,0.9076933866221009,False
CUST_000186,653,0.017781266267039818,0.3095009840478476,0,0.9909585241754462,False
CUST_000187,692,0.016794057380990948,0.10835221373295348,2,0.8997665645925043,False
CUST_000188,803,0.010295660721758505,0.44682950737673754,0,0.7761616033442912,False
CUST_000189,835,0.001019261581558683,0.30443228735602623,0,0.7103908560713891,False
CUST_000190,743,0.013093853845136335,0.326236137539494,2,0.9684922298199026,False
CUST_000191,718,0.0013853780426355742,0.42716473341664274,1,0.7592628685434016,False
CUST_000192,829,0.012562842079917456,0.1415790206857231,1,0.9503200508586438,False
CUST_000193,657,0.025913111382435326,0.21879019404147293,2,0.8226863128055706,False
CUST_000194,805,0.0038216503131279053,0.40521710107419806,2,0.9266493207104852,False
CUST_000195,686,0.02944303973733309,0.28440746602670275,1,0.9781095785736666,False
CUST_000196,832,0.0028940128238488386,0.10618568268531903,2,0.8588247946652413,False
CUST_000197,796,0.015856911232152854,0.12155936268998728,2,0.7474144454032297,False
CUST_000198,764,0.02132724687423766,0.4407669013447746,1,0.9509096724060695,False
CUST_000199,788,0.009201306922715445,0.3472456524773946,2,0.8202177956206081,False
CUST_000200,685,0.006380654869360199,0.2882257865458465,0,0.994227871890424,False
CUST_000201,667,0.005491362701440016,0.3986136101741956,2,0.9072768294021206,False
CUST_000202,726,0.017976965538387655,0.3200973426805489,1,0.7366309746294865,False
CUST_000203,837,0.022733382804773605,0.3513865143189179,2,0.7245215918056872,False
CUST_000204,723,0.0021358369632008736,0.1905833592946795,1,0.8159131762947258,False
CUST_000205,714,0.025813537227205224,0.11596412641337633,0,0.8985234479820694,False
CUST_000206,753,0.0038544573605755533,0.10072942348534311,1,0.7981160716607986,False
CUST_000207,689,0.020699307483079483,0.24665533934065856,1,0.8698016790666045,False
CUST_000208,833,0.01735158832984354,0.32485874449714824,0,0.8168689955058591,False
CUST_000209,739,0.0295001289387983,0.42129852064317885,1,0.742054837982115,False
CUST_000210,793,0.01798771429100041,0.39134038861552245,1,0.9488962537178602,False
CUST_000211,765,0.004014693818139984,0.1252271778513287,2,0.7099411559979184,False
CUST_000212,777,0.020875800511966473,0.23406195650478956,0,0.907073845963778,False
CUST_000213,722,0.011951151264524111,0.2960513458353551,2,0.9672272027960948,False
CUST_000214,850,0.007239333855008978,0.3583105524368839,0,0.9737316405734586,False
CUST_000215,782,0.01872580066187257,0.40833282123097026,0,0.9321531523195956,False
CUST_000216,685,0.025996964672510604,0.31491137278878484,2,0.848104506408897,False
CUST_000217,753,0.028052262758518052,0.2290627153552567,2,0.8221413375312352,False
CUST_000218,762,0.011912330622441882,0.4165997389480023,2,0.8123933784236671,False
CUST_000219,737,0.010994821499125812,0.382335463980074,1,0.9587913082579804,False
CUST_000220,791,0.011133746096910587,0.10068860726453747,1,0.7928581782636014,False
CUST_000221,761,0.01563985331627738,0.24268474938906667,2,0.8257723702655446,False
CUST_000222,682,0.006258927218834997,0.17710953005960595,2,0.8918830687094663,False
CUST_000223,737,0.0052174618606187625,0.4370777720825545,2,0.8622571807705433,False
CUST_000224,752,0.022421009852276092,0.3924055653464369,1,0.7052439372137386,False
CUST_000225,713,0.024500334784314137,0.34065437353337996,2,0.7981975682884712,False
CUST_000226,767,0.002766914118393982,0.3400243777187505,2,0.9702516551669664,False
CUST_000227,657,0.023217516276112946,0.21247553245130496,2,0.7738436968341919,False
CUST_000228,711,0.001890140261957485,0.4274834718886107,0,0.7140036095689467,False
CUST_000229,774,0.018734777987064136,0.21020011942721234,2,0.8220229831180019,False
CUST_000230,684,0.013025258630764282,0.33045561842786003,0,0.9787345862996066,False
CUST_000231,661,0.019705661640079707,0.3992028013551604,1,0.9570339769396774,False
CUST_000232,789,0.02266658665645553,0.22292832757432218,1,0.7658853085222048,False
CUST_000233,705,0.006772995424159726,0.362490756499356,0,0.9573510153790561,False
CUST_000234,802,0.015294555889856301,0.2622701851191547,0,0.8888988457878504,False
CUST_000235,672,0.01744748873708387,0.29710437743613244,1,0.837537302657019,False
CUST_000236,703,0.015643387335079,0.1825226773142179,2,0.9407116780929106,False
CUST_000237,762,0.028942696119268647,0.2587861359932339,1,0.9873107563591486,False
CUST_000238,827,0.028197151242872833,0.25620520129319535,1,0.9944293685517829,False
CUST_000239,727,0.008458295762982047,0.17519161905492997,1,0.9168630597747429,False
CUST_000240,802,0.02706998339657352,0.26726955185307233,2,0.8149488393444598,False
CUST_000241,722,0.02399899455871359,0.1133020048837122,0,0.8678474234980079,False
CUST_000242,759,0.009867934799169725,0.19143205479343062,2,0.9703163646537047,False
CUST_000243,713,0.005583981664775836,0.11606378963823741,2,0.8952645449227882,False
CUST_000244,783,0.0031992561843687066,0.14131252575108444,0,0.9865205122904926,False
CUST_000245,759,0.02986338009909352,0.13138347217962223,2,0.7297735972890281,False
CUST_000246,797,0.02809569321426124,0.12942473045619107,2,0.9127970405083217,False
CUST_000247,803,0.010729846159531466,0.412459116394022,1,0.999835608799485,False
CUST_000248,797,0.014583774302964432,0.14834773414419652,2,0.7651101885456066,False
CUST_000249,758,0.02554849528025646,0.1569303376571012,1,0.9220491664596698,False
CUST_000250,695,0.006451484459770064,0.39588984969343444,1,0.7557040828453857,False
CUST_000251,830,0.00297266417778985,0.3038850528044289,1,0.7694941319652375,False
CUST_000252,756,0.021350117596517032,0.13759641024891534,1,0.8397709666369749,False
CUST_000253,829,0.0010219391373686268,0.23833241609488107,2,0.9039985604413818,False
CUST_000254,679,0.02627731053920861,0.15483909695483591,0,0.7349194116216302,False
CUST_000255,674,0.0017225846345507564,0.41696469215596965,1,0.9218582764847945,False
CUST_000256,753,0.026465328185724113,0.1011400517835829,0,0.8852875808646042,False
CUST_000257,789,0.018528681542137937,0.3704326985279339,1,0.7573240647117286,False
CUST_000258,701,0.01949104357897678,0.1823528356766243,0,0.8448103885441512,False
CUST_000259,663,0.005455993416770243,0.10504807566058866,2,0.8425795093910843,False
CUST_000260,746,0.01919860302362116,0.23589160354542135,2,0.9558554316094992,False
CUST_000261,730,0.011580247264066881,0.17086839056348613,2,0.9237065813643253,False
CUST_000262,654,0.01067128056464425,0.26907133257121274,0,0.8088143439427977,False
CUST_000263,743,0.01444522564148958,0.24338443398798382,2,0.9626125656804126,False
CUST_000264,660,0.019852543275171698,0.20022864892367195,1,0.9682887165098701,False
CUST_000265,766,0.020477061278921436,0.2044519968563361,1,0.7922419846588463,False
CUST_000266,797,0.00896695778063051,0.36537975260843236,2,0.7111336514632973,False
CUST_000267,706,0.0225486998760396,0.25900272428078275,0,0.9029438415701088,False
CUST_000268,666,0.011310661292692148,0.10737855344910895,2,0.8309863578720236,False
CUST_000269,686,0.01578686714492746,0.316791447502361,1,0.867314840236817,False
CUST_000270,847,0.010807836005965559,0.2624799375554606,0,0.723323172031855,False
CUST_000271,681,0.011058981112158323,0.28273732819741515,2,0.9022058740495068,False
CUST_000272,682,0.011059345456592734,0.43583361329411896,0,0.7816856462474104,False
CUST_000273,694,0.011941212202563535,0.4093198475329656,0,0.9586702463027876,False
CUST_000274,780,0.012141018098906078,0.24610916710876185,0,0.8332884437762097,False
CUST_000275,740,0.022910326718902915,0.1429802748626666,2,0.7476624773890845,False
CUST_000276,796,0.004295418592562208,0.2601027367909007,2,0.8428583857944103,False
CUST_000277,746,0.020620420366696837,0.447325700711925,1,0.8970321429978436,False
CUST_000278,670,0.001903539056081119,0.17303124955731924,0,0.7783271668209535,False
CUST_000279,736,0.015307125218769365,0.3458716665290224,1,0.9388307489158321,False
CUST_000280,754,0.011694700958072454,0.19517969665152693,1,0.9498837780611162,False
CUST_000281,577,0.23058874892419196,0.507108058104828,19,0.42797288187962357,True
CUST_000282,694,0.023568328353405398,0.11566341665091283,1,0.8537731507091015,False
CUST_000283,801,0.029069141290663656,0.42827217057305145,0,0.9811032779299054,False
CUST_000284,695,0.028054562529165102,0.4436730569524151,0,0.9780586596299532,False
CUST_000285,687,0.008548576162733674,0.18116177297058667,1,0.7789464381819317,False
CUST_000286,657,0.02608275176915873,0.2963843156086473,1,0.9332468147764541,False
CUST_000287,719,0.022989640507398452,0.20041639790587126,0,0.8127569404071544,False
CUST_000288,740,0.026075480275314436,0.3460149193913621,1,0.7803856200641061,False
CUST_000289,743,0.009509766147089597,0.374865303701179,1,0.8005577056680802,False
CUST_000290,661,0.003075931842033359,0.31052059407598487,0,0.8909331784978602,False
CUST_000291,842,0.006896042587906811,0.11679099755567675,1,0.8549695502527576,False
CUST_000292,721,0.019781674595602775,0.2374410818011056,2,0.9435134584339986,False
CUST_000293,771,0.012109182833765091,0.12318198237973119,1,0.8744862823172581,False
CUST_000294,680,0.011614522913196423,0.14756551246523925,2,0.8921325066983763,False
CUST_000295,793,0.005023823843754982,0.10249882852798987,0,0.7822261135756213,False
CUST_000296,838,0.0029874723533084963,0.39404129328467496,2,0.7771068524791002,False
CUST_000297,737,0.026829696701133207,0.3726207436853677,2,0.874836289441377,False
CUST_000298,773,0.015279750343748847,0.3738047276991301,1,0.9111538705030855,False
CUST_000299,781,0.010046625950326252,0.33631612582884374,2,0.9190504063558158,False
CUST_000300,818,0.02239014190690945,0.32748705621570295,2,0.7983587812186005,False
CUST_000301,769,0.017026779795467833,0.22819630276646025,1,0.8750827536721493,False
CUST_000302,825,0.010161181075117376,0.2756980605552303,2,0.9460274308395669,False
CUST_000303,733,0.006368299023423597,0.3272156957959609,1,0.9916526763220095,False
CUST_000304,818,0.021333607777789677,0.28752541284573335,1,0.7566026596209139,False
CUST_000305,821,0.007533588594156115,0.4493800498906205,0,0.7893698022755067,False
CUST_000306,787,0.0049244256651537555,0.21207696714131735,2,0.7301010373904648,False
CUST_000307,796,0.027482692773630836,0.366416751025341,0,0.9955194376717456,False
CUST_000308,828,0.022067556623204518,0.15359125406073182,0,0.7547318077685394,False
CUST_000309,757,0.004937921140583862,0.32995498499078046,1,0.7030933797598953,False
CUST_000310,708,0.02746851252246061,0.23043404739916717,2,0.9889609946460216,False
CUST_000311,655,0.007515875480809439,0.4269662064021602,2,0.9198368406322337,False
CUST_000312,771,0.026007103123807013,0.3570875833483266,1,0.7058651249634085,False
CUST_000313,816,0.024101594548858664,0.25188681925912826,1,0.7405830563465108,False
CUST_000314,728,0.022920461425896717,0.33460307700308006,2,0.9670220776918591,False
CUST_000315,788,0.0013578369538629139,0.11382376152685689,1,0.8811631503161133,False
CUST_000316,764,0.011013257169002675,0.15075387887481223,1,0.9584438193251092,False
CUST_000317,656,0.0230619619219847,0.24144287411050339,1,0.736808707308716,False
CUST_000318,775,0.018284026540831715,0.44522773411056216,2,0.8994840603316637,False
CUST_000319,656,0.028805087440230668,0.13047407120102894,2,0.8345881115567447,False
CUST_000320,762,0.01895647503636479,0.24753354202013642,0,0.9951412426128066,False
CUST_000321,731,0.00574651873265844,0.3044281737504892,1,0.9903652497536992,False
CUST_000322,675,0.00491257902159439,0.4307529556963168,0,0.7913151073960593,False
CUST_000323,673,0.02808224143361456,0.30813067731617616,0,0.7322454798459199,False
CUST_000324,792,0.0296323438242616,0.26566246163276985,0,0.9903668769834283,False
CUST_000325,719,0.019375695158928362,0.32400337610087204,0,0.8462617947055157,False
CUST_000326,814,0.004052528962977451,0.2559800161470167,1,0.9519211292699927,False
CUST_000327,748,0.02751562974842874,0.4327540600139429,1,0.994992505954271,False
CUST_000328,769,0.009478077180564794,0.4446697260809269,0,0.7771535297397423,False
CUST_000329,815,0.0105998274789251,0.32927703101571265,0,0.9134934698028137,False
CUST_000330,697,0.0016807394227691523,0.19621463560253521,0,0.745182422828553,False
CUST_000331,836,0.020890982346061432,0.10284457749679018,2,0.9750797336098348,False
CUST_000332,723,0.021019685037016456,0.22782659270833278,0,0.9590022064031898,False
CUST_000333,806,0.014895186675480152,0.1342550755404009,1,0.827370775498871,False
CUST_000334,821,0.029710391106471352,0.1739362700237574,1,0.7517794266638764,False
CUST_000335,789,0.02594026272889272,0.41203688083208745,1,0.9729579424158803,False
CUST_000336,691,0.0234403013464773,0.11953840529684324,1,0.9602633057504839,False
CUST_000337,748,0.016014618672040175,0.12367255148037562,1,0.7447170254621015,False
CUST_000338,690,0.017313135376561935,0.16471696634141253,1,0.7615412892476913,False
CUST_000339,783,0.02526251122786796,0.2094469275598151,0,0.9875259306738935,False
CUST_000340,666,0.018762734131404942,0.26350748098329113,1,0.7647558035546838,False
CUST_000341,806,0.006682436211063339,0.35007236919602713,0,0.8140616656393821,False
CUST_000342,771,0.0251764621726563,0.12886185746354062,1,0.8529034404514766,False
CUST_000343,799,0.010371964881470519,0.39461718204097695,2,0.7812594250881889,False
CUST_000344,789,0.029297090739499355,0.2269326026398572,1,0.8373022269162875,False
CUST_000345,695,0.023049406302465145,0.2028041835974257,1,0.8736825697379517,False
CUST_000346,663,0.006931924439534243,0.11404816578989821,2,0.8124904301032148,False
CUST_000347,775,0.02263983028250799,0.37392276159246374,0,0.8915633689305669,False
CUST_000348,782,0.0060979192500051245,0.24141278910182762,0,0.7933026109735245,False
CUST_000349,839,0.018226171595076276,0.36045898612336913,1,0.8901409423703041,False
CUST_000350,733,0.02442637050123663,0.15911171567133225,0,0.7870901411405447,False
CUST_000351,697,0.016005815681559503,0.3100768182409158,0,0.7654335603091985,False
CUST_000352,827,0.016424426784875882,0.30177449077569174,1,0.9123372350660564,False
CUST_000353,698,0.02450345055586443,0.41651876972106394,2,0.7893549314836603,False
CUST_000354,700,0.022804729959187326,0.17330977754775279,2,0.8777880566730415,False
CUST_000355,700,0.026127859274729732,0.18242301554265733,1,0.9702734183180903,False
CUST_000356,734,0.0280312434276155,0.4120323270681814,1,0.8288589152736966,False
CUST_000357,804,0.007699438383254138,0.30678290273295794,2,0.8050086885867599,False
CUST_000358,667,0.00194781040731164,0.22588826780654048,0,0.7474891969184798,False
CUST_000359,655,0.020359148550156362,0.10271642647559741,1,0.8132808940227926,False
CUST_000360,750,0.010208292517383533,0.3828769844590739,1,0.7585098372257321,False
CUST_000361,796,0.014705120079185365,0.4299555252894389,2,0.7698947670388394,False
CUST_000362,800,0.024838685287376903,0.3081663914476265,0,0.7088801092774428,False
CUST_000363,721,0.005202135671461188,0.3909865276726411,1,0.8430507684370074,False
CUST_000364,790,0.028151575810186107,0.23166968522873635,0,0.8357689635768567,False
CUST_000365,763,0.021508066882054838,0.39421906211534175,0,0.8223122874107119,False
CUST_000366,794,0.014696749948497293,0.2086550001296601,2,0.9325306950741776,False
CUST_000367,749,0.018489838611907342,0.3953874814996957,2,0.7703339030260574,False
CUST_000368,788,0.019208525177869206,0.1905951195911909,2,0.8371950704243805,False
CUST_000369,796,0.01940369798348526,0.17942425788369565,0,0.7455944158500383,False
CUST_000370,798,0.0022739225157754265,0.3171301674991365,2,0.870021677440132,False
CUST_000371,752,0.0010875938461973537,0.1159445224180541,2,0.8476459476985843,False
CUST_000372,781,0.02157854528505492,0.29662451027466763,2,0.7832474574165863,False
CUST_000373,822,0.007805888642230437,0.38696476442520744,2,0.7501010307909816,False
CUST_000374,784,0.02628234916799176,0.1051225881152244,0,0.8556508137366933,False
CUST_000375,682,0.019354684365407476,0.10886646294431186,2,0.9364873228902884,False
CUST_000376,721,0.00223784290767794,0.36523822834043274,2,0.7012369590750989,False
CUST_000377,834,0.022885725525378865,0.19295881105995463,2,0.9418626644670257,False
CUST_000378,741,0.021082563288530316,0.3154972303734257,2,0.9508638802973607,False
CUST_000379,660,0.004725110886040492,0.19515656698831998,2,0.8794131096292797,False
CUST_000380,747,0.010898916139179541,0.400764556399846,2,0.8299006068874512,False
CUST_000381,658,0.02235731237515014,0.16513060325564183,1,0.9442858833709331,False
CUST_000382,748,0.01985539432013511,0.19658316070906004,2,0.7726821673898069,False
CUST_000383,671,0.029292943494615253,0.30547141114814924,1,0.7213883407087616,False
CUST_000384,689,0.008145590674527203,0.1770998717695284,2,0.7381122320473916,False
CUST_000385,758,0.01723786601178423,0.34523012066558245,0,0.8858625162842556,False
CUST_000386,844,0.01571253745905623,0.20196213155643872,0,0.7664983873015929,False
CUST_000387,775,0.020664442154951036,0.39220990271754974,2,0.8037950378188621,False
CUST_000388,685,0.017852942995202275,0.21064025640305423,2,0.8478878733952786,False
CUST_000389,847,0.016028439741068788,0.17619547929015397,2,0.9448559995133029,False
CUST_000390,579,0.21386346354407426,0.8693831085350636,6,0.4925225269099219,True
CUST_000391,656,0.015250869156498103,0.15246076459880442,1,0.9090953780205853,False
CUST_000392,838,0.004381893307932863,0.13504765065939764,2,0.8302416432775748,False
CUST_000393,658,0.007817340767637394,0.1315233345914967,0,0.7913683521947893,False
CUST_000394,764,0.01809168801614752,0.3452371266896047,1,0.8729313623170121,False
CUST_000395,658,0.010109338315197763,0.1596930740773539,0,0.7354668442396293,False
CUST_000396,770,0.029558623502087135,0.41478830566360503,2,0.933543724467714,False
CUST_000397,705,0.013796242815418941,0.24227683115763993,2,0.777911076624909,False
CUST_000398,772,0.029087669204864965,0.259206238566296,1,0.986464628921383,False
CUST_000399,805,0.027417751226129924,0.21240719048844992,2,0.7661716367461597,False
CUST_000400,734,0.006399052488384976,0.32965608188268203,0,0.9632939803215883,False
CUST_000401,788,0.007586562591248409,0.11770214225456524,0,0.9342502355275959,False
CUST_000402,694,0.02375033298896827,0.120853190744894,2,0.8878009828759957,False
CUST_000403,826,0.025116870113874607,0.21178939415809184,2,0.8442331565125073,False
CUST_000404,696,0.016743228284672403,0.22399914346993754,1,0.9393761110174659,False
CUST_000405,684,0.015947238612344816,0.15468243951387262,0,0.7198730850283557,False
CUST_000406,707,0.021484977790555873,0.22571831192393102,0,0.8480732670928929,False
CUST_000407,711,0.023889462521808822,0.14610825494917495,1,0.7427879033933952,False
CUST_000408,823,0.003389017110524676,0.24485849357302322,2,0.743020368035455,False
CUST_000409,673,0.0025222333027972443,0.3173591426004353,0,0.8764896902127985,False
CUST_000410,843,0.010222363629642225,0.26271000404157424,0,0.9247116281241039,False
CUST_000411,709,0.02458530853362892,0.29673478569861583,1,0.7102386814679678,False
CUST_000412,737,0.004811847649447744,0.14204165846375313,2,0.8625358539393699,False
CUST_000413,834,0.025816246060347003,0.23931746152150718,2,0.940292238328347,False
CUST_000414,772,0.02823298313196916,0.41917410992903015,0,0.7191084649687289,False
CUST_000415,665,0.007141444681741551,0.1001019322637855,1,0.8572149785376382,False
CUST_000416,674,0.007686762549392529,0.17793629865680777,1,0.9844123340744839,False
CUST_000417,787,0.015065572352703258,0.34546123653293503,2,0.7933280114787831,False
CUST_000418,684,0.011221479794600298,0.388120663333698,1,0.9445689301768464,False
CUST_000419,788,0.00513100364749839,0.22153294306063398,1,0.7497350969851312,False
CUST_000420,808,0.025380173060460778,0.2607914952970406,2,0.8561363893668038,False
CUST_000421,670,0.02569986636429598,0.4198262534228525,2,0.7943205190361906,False
CUST_000422,679,0.004545654265528335,0.22655655650438244,1,0.7581213113660838,False
CUST_000423,765,0.02500091820980048,0.3039455060028095,0,0.9104705367346032,False
CUST_000424,844,0.00813417330298997,0.2642959429197773,1,0.8936283257488985,False
CUST_000425,685,0.028039933523085165,0.21818329965596678,2,0.7298280851947847,False
CUST_000426,759,0.007305919827619222,0.297108130515245,1,0.9617980710503216,False
CUST_000427,760,0.011217594032116095,0.43113051656957424,0,0.8716082853523464,False
CUST_000428,774,0.027406545417752812,0.13852422292488048,1,0.942258437789127,False
CUST_000429,747,0.01834478863547194,0.43176248370587056,1,0.7261651191513866,False
CUST_000430,750,0.01838574136012258,0.41387579989949685,2,0.8678672429079637,False
CUST_000431,818,0.022159918860429898,0.30127376680986556,2,0.9622642003075214,False
CUST_000432,839,0.024679723059161413,0.28101176119924154,1,0.9812298452443405,False
CUST_000433,684,0.011963128999979047,0.28992759626111303,0,0.8329941833579749,False
CUST_000434,428,0.1031838279445967,0.8880219043851278,12,0.47949514819655825,True
CUST_000435,678,0.011738387870146555,0.3287416392974758,0,0.9325622773548865,False
CUST_000436,801,0.0026779565573776644,0.30918758017593506,0,0.8971760922570047,False
CUST_000437,770,0.01364045317037118,0.3688731096860841,0,0.847574710884659,False
CUST_000438,797,0.019876212351444954,0.11223569788052391,1,0.9987334599339249,False
CUST_000439,850,0.02794949435107231,0.19231913020704253,1,0.7066847112631612,False
CUST_000440,736,0.027858589495161522,0.2529140189076875,2,0.8819199674629036,False
CUST_000441,657,0.014870959226766213,0.4057204063807931,1,0.7352036633597642,False
CUST_000442,796,0.013791827837209367,0.4113920870823903,1,0.7236422208261112,False
CUST_000443,690,0.021033984028342032,0.23076841313980073,1,0.7659876817315174,False
CUST_000444,785,0.012453239890160502,0.25044962958097156,2,0.8508112171198272,False
CUST_000445,751,0.011282386377031238,0.11666113500634687,0,0.7767165122395787,False
CUST_000446,828,0.01674424547305442,0.39793713927689855,2,0.7579889495515562,False
CUST_000447,740,0.004531089251890724,0.3580188204044643,2,0.7163930289652313,False
CUST_000448,778,0.026056906446590398,0.12391580651995708,0,0.8353703587506258,False
CUST_000449,666,0.022608958349959775,0.3707973596955345,0,0.739515987728038,False
CUST_000450,749,0.02282858425600733,0.24573288108032146,2,0.8001790320694465,False
CUST_000451,793,0.013625159192030376,0.4346142606889253,2,0.8194933704104996,False
CUST_000452,772,0.026306506755872802,0.37472908677851147,0,0.933949977547067,False
CUST_000453,725,0.013556476069025998,0.3776796502516735,1,0.8023276292506114,False
CUST_000454,712,0.016047462136464626,0.18362251860394457,2,0.9492778385503252,False
CUST_000455,790,0.01142128263644241,0.24805562211848467,2,0.9617956288079372,False
CUST_000456,808,0.016487926224023116,0.4066528896018966,2,0.9490568655021556,False
CUST_000457,696,0.010420538828890533,0.2726629449032514,2,0.7327429612713375,False
CUST_000458,659,0.001710763599556738,0.24603929555728973,2,0.8426666760345009,False
CUST_000459,695,0.002332321530650362,0.11653644129606845,0,0.8949712305137404,False
CUST_000460,763,0.011658774246367899,0.15522500002087344,0,0.8809520041262926,False
CUST_000461,653,0.027136467267600557,0.2808609106498335,1,0.7182829717435046,False
CUST_000462,733,0.009032599967124282,0.2364073968211663,2,0.9642441398506832,False
CUST_000463,711,0.025934175988897464,0.3851232832841007,2,0.971950110219122,False
CUST_000464,693,0.006353181713150208,0.23178491509963142,0,0.9258723582650847,False
CUST_000465,784,0.004226645903893862,0.39363102766343394,2,0.8166258303576728,False
CUST_000466,805,0.017015312854590653,0.2996895910199351,2,0.9998340870808204,False
CUST_000467,754,0.025780011581592807,0.33713916457291937,2,0.7022047883839295,False
CUST_000468,696,0.01669376844989899,0.1508837914968924,1,0.7624801910387776,False
CUST_000469,698,0.018132934349041143,0.2996181523848045,0,0.9534506048517514,False
CUST_000470,654,0.010926373733520508,0.25347984385202715,1,0.8506392960492414,False
CUST_000471,750,0.01754932461680699,0.43198553426058295,0,0.7286158062640063,False
CUST_000472,656,0.01890544846600241,0.14075296331824805,1,0.9578981550914984,False
CUST_000473,664,0.005874693163445836,0.22900529592229127,0,0.9310325177100128,False
CUST_000474,798,0.026673657551476614,0.14135740314674722,2,0.9924905469855758,False
CUST_000475,817,0.0023119484487512487,0.4201206986686311,1,0.846492904712056,False
CUST_000476,690,0.01471561310495664,0.3499533814064111,0,0.8968970533785916,False
CUST_000477,838,0.021951737154552314,0.23558713851856072,2,0.7798751359105157,False
CUST_000478,619,0.28187772373598424,0.5939443127084616,19,0.4374386826866661,True
CUST_000479,840,0.01026679434226806,0.2155715484459158,2,0.7245338252311845,False
CUST_000480,715,0.02929826959657972,0.3176481234392893,0,0.7845083050108951,False
CUST_000481,768,0.02989807550849677,0.37642311165047737,2,0.8032550555511894,False
CUST_000482,710,0.010518193854629383,0.31897043627769617,2,0.7172416677299097,False
CUST_000483,762,0.026674781434119464,0.2159401682802562,2,0.9143066641238786,False
CUST_000484,674,0.019401985848924365,0.13875363282054964,1,0.8332562076591666,False
CUST_000485,726,0.02284262525034481,0.310174910953895,1,0.9338653726855862,False
CUST_000486,672,0.0172037295260253,0.2987939642873546,1,0.7288634452275583,False
CUST_000487,828,0.02005222121271865,0.3189138108043149,0,0.8161238685764562,False
CUST_000488,814,0.015708898412218286,0.20210892995506535,1,0.7854848259406638,False
CUST_000489,791,0.0291387620303782,0.44535384627154206,2,0.9905442724622442,False
CUST_000490,784,0.017907277860282098,0.38132740682393995,1,0.9486497921188157,False
CUST_000491,840,0.013011985693116207,0.4012837169002905,0,0.8199318804459624,False
CUST_000492,461,0.2942932242644414,0.6945447261522707,14,0.4040049853168749,True
CUST_000493,689,0.013931717938430926,0.17300591697678835,2,0.8119529491694134,False
CUST_000494,823,0.022540897493955266,0.3213410268270809,1,0.8945190999090201,False
CUST_000495,814,0.012148128520559402,0.29263104231163284,2,0.8662795869850175,False
CUST_000496,648,0.2710745317003483,0.541997875181979,13,0.5226892304672904,True
CUST_000497,684,0.0034046056138327084,0.3478182955021619,2,0.9136413100618579,False
CUST_000498,758,0.026312285007887626,0.11679531364996422,0,0.9428408784902635,False
CUST_000499,789,0.005803691503984393,0.3132435191846782,2,0.7787880806405916,False
CUST_000500,753,0.0171435121591811,0.2871752527515695,0,0.7155033985433619,False
CUST_000501,772,0.011030358064837903,0.1407686091054789,0,0.7430091277611444,False
CUST_000502,674,0.007473834764744794,0.29539021767421947,1,0.7780314368615979,False
CUST_000503,781,0.0019576161058895572,0.20927847118792473,0,0.7231293962216171,False
CUST_000504,765,0.006803505698273138,0.43328014636924483,0,0.8873255831080193,False
CUST_000505,595,0.22517892528489097,0.5571811047200935,7,0.5310014331521806,True
CUST_000506,736,0.025978802622624468,0.2689716311548481,2,0.8457084834124949,False
CUST_000507,838,0.0026650017724479252,0.3006071155771154,1,0.896151157747981,False
CUST_000508,813,0.008512517880703188,0.23473334296228343,1,0.9312635109735616,False
CUST_000509,812,0.016819804629142458,0.37442100266497436,0,0.9987403816613678,False
CUST_000510,761,0.01641388130331033,0.3629755550906535,1,0.8767633879438391,False
CUST_000511,738,0.0035299133409396333,0.3816263739712924,1,0.8626889022789539,False
CUST_000512,674,0.012823455841513759,0.2617518280209946,2,0.928677288519996,False
CUST_000513,738,0.029707985819721876,0.38328520303499714,2,0.9638907175169988,False
CUST_000514,716,0.026303266279450253,0.22239616804215845,0,0.7906851850081328,False
CUST_000515,833,0.019345349493247233,0.4325069659478439,0,0.9840095269892756,False
CUST_000516,655,0.01048608887868659,0.2780247268341892,2,0.9579109429899184,False
CUST_000517,717,0.017250894411414513,0.34624678951557686,2,0.7798622173809261,False
CUST_000518,799,0.008231544435327975,0.22640292765869152,1,0.8068876462485844,False
CUST_000519,709,0.008437059010032857,0.2883226934294335,0,0.7027786504861097,False
CUST_000520,716,0.02893872550082579,0.3578634981615929,0,0.9635057051831198,False
CUST_000521,721,0.01199716797767068,0.42827673568612346,2,0.9286881313375772,False
CUST_000522,741,0.022284450172485547,0.2444326940032465,1,0.8911077690115116,False
CUST_000523,685,0.017738013440237763,0.4407241244050526,0,0.9085951031344108,False
CUST_000524,714,0.015124281368052044,0.19379336070708325,2,0.7918553727230537,False
CUST_000525,807,0.01657881857048648,0.2397943328761352,2,0.8549181644966646,False
CUST_000526,817,0.028382714798903315,0.4160742201735663,2,0.8152969143596381,False
CUST_000527,726,0.01731182624551336,0.4302008879512631,0,0.719906178813733,False
CUST_000528,784,0.012782885136106356,0.23618503529061674,0,0.8943929460146803,False
CUST_000529,816,0.024938902603659368,0.20315821733185635,1,0.9840733215218254,False
CUST_000530,696,0.010910265122341146,0.2071852370896966,0,0.9274763585824468,False
CUST_000531,720,0.002984954427188906,0.2573673509038864,1,0.7755320752580702,False
CUST_000532,835,0.003625224097388498,0.24263950436364629,2,0.7764312886815693,False
CUST_000533,680,0.014377508505794896,0.3030409646959493,2,0.7632992922256165,False
CUST_000534,731,0.010350145142215918,0.29520205903784,0,0.9732800378503151,False
CUST_000535,710,0.028021917905814955,0.1783778375236446,1,0.8428042413443719,False
CUST_000536,771,0.0096812684742512,0.16062770628717818,1,0.7749906455284739,False
CUST_000537,732,0.02470453505391535,0.1499448419526258,0,0.8953015365812789,False
CUST_000538,733,0.014732729000253464,0.41658018940365193,1,0.7591016097006063,False
CUST_000539,736,0.020773342354062533,0.24705504137552675,0,0.8330226238883742,False
CUST_000540,751,0.014019714733345515,0.34520171695221,0,0.816649964921198,False
CUST_000541,835,0.016226307352088534,0.41461246465922597,1,0.8308271240341275,False
CUST_000542,571,0.20856712869137184,0.6053557205427001,17,0.48970460158875123,True
CUST_000543,754,0.01549785553983363,0.27974397965921427,2,0.7903479240247193,False
CUST_000544,749,0.011439229351215545,0.30899635169175865,0,0.8810827442573027,False
CUST_000545,834,0.008290347046548147,0.39581661580044625,2,0.7405293285511434,False
CUST_000546,760,0.0171531495577843,0.22987881154086337,1,0.94040166203707,False
CUST_000547,825,0.021687011283952284,0.2234546921044559,2,0.9241411007577924,False
CUST_000548,689,0.018164856769401605,0.3569174178921918,0,0.865165174035464,False
CUST_000549,806,0.026851990596910152,0.4442653078296056,1,0.7578244291859725,False
CUST_000550,672,0.025869255269553647,0.4205831240284207,0,0.7153843073961775,False
CUST_000551,734,0.02391717595050741,0.4451288165811975,2,0.8085662696989608,False
CUST_000552,675,0.00387674877961643,0.2729454609184375,2,0.8000173764606819,False
CUST_000553,750,0.003311240577696329,0.11287715304222551,2,0.806331167865439,False
CUST_000554,777,0.012087801972938211,0.42276450000317045,2,0.9350123765854585,False
CUST_000555,797,0.025646257017609128,0.33434027595436766,2,0.9911073365040288,False
CUST_000556,660,0.0037762179195723732,0.27813159291065603,0,0.8029622932283569,False
CUST_000557,753,0.010847086978672496,0.3862447211892466,1,0.8024833669167062,False
CUST_000558,814,0.013006852487739765,0.297573066971376,1,0.9675107047465643,False
CUST_000559,812,0.010632331350635918,0.4049621956451769,1,0.9025958639008957,False
CUST_000560,764,0.02808660328489976,0.20680499786440407,0,0.9449745346605726,False
CUST_000561,661,0.006184662260691237,0.3196454631902188,2,0.712561061516015,False
CUST_000562,658,0.018481828371089252,0.20742536169869966,0,0.9757610632468782,False
CUST_000563,795,0.009136225686774604,0.13867886629233278,0,0.7415964247327322,False
CUST_000564,793,0.01985181102241478,0.11742254811048136,2,0.7580020482793899,False
CUST_000565,757,0.0012518275891672194,0.2649623035549388,0,0.8674782210816594,False
CUST_000566,664,0.007142713189726148,0.22585399036175668,0,0.9066691680873424,False
CUST_000567,817,0.011064310375913426,0.4342777216596152,2,0.876338779702884,False
CUST_000568,748,0.005598310664799932,0.3094278298261303,1,0.8917029347772868,False
CUST_000569,710,0.02278820564730901,0.15782981220814835,0,0.8133264314857813,False
CUST_000570,715,0.020762359132164673,0.3239899438984635,2,0.7265990724592054,False
CUST_000571,739,0.028627992382919194,0.42487291098191726,2,0.728181438170443,False
CUST_000572,752,0.014418702020909543,0.35096734035746435,1,0.9110906336690169,False
CUST_000573,771,0.016445151691860203,0.26031729917089097,2,0.7047581091235311,False
CUST_000574,675,0.011636626345556744,0.1567046270244574,1,0.7749600869108191,False
CUST_000575,722,0.02237661605415606,0.4351064801950082,2,0.9652080020438114,False
CUST_000576,730,0.028172407183343698,0.17357652784079286,2,0.8425852086848968,False
CUST_000577,759,0.006974994725431706,0.3214369302602977,0,0.7846943663461755,False
CUST_000578,760,0.003621201575757044,0.2713133583278139,0,0.8622526161141579,False
CUST_000579,666,0.00771089657759958,0.34927861384816267,0,0.7486797264413194,False
CUST_000580,846,0.009620330568338643,0.41681740844420967,0,0.7162461970072592,False
CUST_000581,817,0.0027382152824593073,0.3102751686788461,2,0.8518155394802887,False
CUST_000582,695,0.014044796552525492,0.16956914238664728,0,0.9315497033325031,False
CUST_000583,816,0.02691103676680301,0.3549979842250197,0,0.9462113513518533,False
CUST_000584,719,0.01672570309319708,0.19463961367594082,1,0.9081945747767067,False
CUST_000585,701,0.009105026032822764,0.2670513815386478,0,0.7195528046985485,False
CUST_000586,778,0.02952822168217162,0.2672665965010945,2,0.8483840847357471,False
CUST_000587,670,0.008316384826922173,0.3853662383825327,2,0.8607545691546077,False
CUST_000588,744,0.027236613457121382,0.3034357530920163,2,0.7999244893262224,False
CUST_000589,716,0.006855253150321225,0.309402503312196,2,0.790249203302817,False
CUST_000590,712,0.014037905458021603,0.3146319345893792,0,0.8901357109141972,False
CUST_000591,763,0.019113217866009592,0.11729740425452503,1,0.9289849786948048,False
CUST_000592,728,0.022613016062100266,0.10177425542506802,2,0.8860454194865173,False
CUST_000593,651,0.016486631572896246,0.43099329493470573,2,0.7999841536748625,False
CUST_000594,754,0.004159871731160414,0.2868057421745396,2,0.9485985709637268,False
CUST_000595,679,0.00941903545271093,0.33465038659560864,2,0.9398132115843111,False
CUST_000596,660,0.01121965826645157,0.3331068677844746,0,0.7431695871671865,False
CUST_000597,695,0.026616636221117713,0.3075801875859253,2,0.8120489868680287,False
CUST_000598,789,0.02075289803063842,0.3296971551021517,2,0.7889681401874168,False
CUST_000599,784,0.025902018243051838,0.13406881660024483,0,0.9977335213692522,False
CUST_000600,830,0.026432114929601333,0.42315064951158377,1,0.9851582929374573,False
CUST_000601,729,0.008588181711006622,0.32158487316160816,1,0.7031651810373147,False
CUST_000602,739,0.02192046196591926,0.2823058497773736,1,0.9291823588072676,False
CUST_000603,719,0.014009334680993031,0.28372876442780404,1,0.8397423266541153,False
CUST_000604,710,0.010981141442336504,0.4285659513069209,0,0.7812747870347538,False
CUST_000605,819,0.017158737720346023,0.37640262674003333,2,0.9693650080096361,False
CUST_000606,780,0.0019529309151846285,0.42802260552858273,2,0.9648458441785925,False
CUST_000607,695,0.020222831749597835,0.4293600682908699,0,0.7306011803821144,False
CUST_000608,797,0.02001363701723384,0.21319726252197246,0,0.9530787591192206,False
CUST_000609,826,0.008715268103868443,0.201481552527011,0,0.8559724268533071,False
CUST_000610,703,0.017746610468248963,0.4341975501430042,2,0.7765672639453528,False
CUST_000611,771,0.02075698840026736,0.24771789589700224,1,0.9155910308933222,False
CUST_000612,797,0.01472493108163564,0.38326044895644185,0,0.7066428967963272,False
CUST_000613,697,0.024917555790502387,0.4291376180468274,2,0.9354738568638407,False
CUST_000614,829,0.02441785217136864,0.37700600157397657,0,0.9713022249520766,False
CUST_000615,792,0.024582339718443393,0.19505473766440307,2,0.7907376305211365,False
CUST_000616,840,0.008371246022144441,0.23201840549575584,2,0.9500142891107206,False
CUST_000617,741,0.02493795423864834,0.40807442481486267,2,0.9747077220764797,False
CUST_000618,747,0.016449428781737833,0.4491496975360997,2,0.7853613157828175,False
CUST_000619,722,0.011784186628977948,0.3780772035972507,0,0.7263358058248435,False
CUST_000620,843,0.02456171486087954,0.34547151979272206,1,0.9241561332322171,False
CUST_000621,658,0.017708022529198404,0.3041789098607104,0,0.9130336289552332,False
CUST_000622,825,0.00910379497127176,0.3246194957149785,1,0.9114669271784339,False
CUST_000623,721,0.01746290296269932,0.3358923033424812,2,0.9021718368915567,False
CUST_000624,730,0.010044629746000962,0.4132183093236971,1,0.7913435390319421,False
CUST_000625,692,0.007576315490331361,0.13176670232934976,0,0.879296133760595,False
CUST_000626,725,0.018847605318317355,0.4408556502872608,0,0.9388210183648054,False
CUST_000627,684,0.02380578085058598,0.427354716519433,2,0.8179626404798597,False
CUST_000628,751,0.029019187585241447,0.20536154391358957,2,0.9138179608225085,False
CUST_000629,691,0.017236386215631408,0.3043420685699706,0,0.7530649259386409,False
CUST_000630,792,0.007005442601160793,0.3472296500648116,0,0.7099357891545742,False
CUST_000631,702,0.01763950950560234,0.22679022483438954,0,0.9191439482204955,False
CUST_000632,837,0.021736596581969886,0.306149313816674,1,0.9950604394911917,False
CUST_000633,738,0.028819794716245652,0.3399522997157559,1,0.8298918103700961,False
CUST_000634,654,0.022384795305950545,0.2639716141389684,1,0.909724737710229,False
CUST_000635,728,0.015459731536802301,0.40656449376027415,1,0.7375056692769651,False
CUST_000636,789,0.016270953634737264,0.10358420661216808,2,0.8443141169805699,False
CUST_000637,692,0.01496815196543097,0.3939803311155047,0,0.8350954506687098,False
CUST_000638,716,0.009243622913146374,0.2442249918322232,0,0.8513502274812559,False
CUST_000639,693,0.021993873576319836,0.1373712573748137,1,0.7430352632192848,False
CUST_000640,818,0.011016431752328307,0.44112328373135357,0,0.917954715641876,False
CUST_000641,681,0.029648426581603205,0.3265425983428498,1,0.7667976424387458,False
CUST_000642,733,0.018443973277402666,0.140971098460572,2,0.9866578097661801,False
CUST_000643,834,0.005779150527562273,0.3718441645182877,1,0.7670308876084502,False
CUST_000644,840,0.027251213003885246,0.2126671891768449,2,0.8382729217556785,False
CUST_000645,680,0.016054308791594495,0.15958053382504103,0,0.8699948474299377,False
CUST_000646,838,0.014506634450306949,0.14063113907159877,1,0.8629772814865865,False
CUST_000647,795,0.02604990621520706,0.3974105998947073,0,0.9248362037207065,False
CUST_000648,672,0.010977255318458053,0.40987600070976593,0,0.8940587165844266,False
CUST_000649,794,0.02952236628281033,0.3235613539426388,0,0.7296858773841136,False
CUST_000650,690,0.0177100520966948,0.18839149124779025,2,0.9609866315915789,False
CUST_000651,750,0.019167704429984733,0.33357699881553865,0,0.8187867358036954,False
CUST_000652,656,0.005927122000947648,0.35814163190088044,1,0.9429086181162845,False
CUST_000653,792,0.015394591117379411,0.15951507270626158,1,0.972645161299087,False
CUST_000654,685,0.02088303484756269,0.20280253121501163,2,0.9610116873057637,False
CUST_000655,656,0.02381737211213988,0.15766684660031816,2,0.9291963079989188,False
CUST_000656,849,0.011223647997744043,0.12776602030465892,0,0.9427466073031725,False
CUST_000657,656,0.02793547410150617,0.35785715845223465,0,0.9495290013901968,False
CUST_000658,752,0.015817716783544364,0.21390056486366152,0,0.8571052694617391,False
CUST_000659,701,0.018567693030132823,0.3006844274151854,2,0.7368812827553654,False
CUST_000660,785,0.02512835578830081,0.3256710241660028,2,0.9293843111701842,False
CUST_000661,731,0.0019062652793592773,0.2697065152119936,0,0.9784639217078568,False
CUST_000662,841,0.016996370403971,0.2707331268461637,0,0.7132486953599229,False
CUST_000663,665,0.006224536303890883,0.29458050525955776,0,0.8689679887316268,False
CUST_000664,813,0.008312839383343509,0.44542093949204875,1,0.7163343715691717,False
CUST_000665,839,0.003108406476702409,0.12722023463222054,1,0.7527150573640186,False
CUST_000666,777,0.00438928996973658,0.443179574775575,0,0.7756868091831087,False
CUST_000667,838,0.029095844724880866,0.4016029413390042,0,0.7384532973542483,False
CUST_000668,776,0.028523013723273524,0.17246274009274448,1,0.8510486924241827,False
CUST_000669,756,0.02004493810698766,0.24394558709142372,1,0.856046679630929,False
CUST_000670,768,0.017726598858376314,0.29785407176034184,1,0.7935146640197637,False
CUST_000671,812,0.02332604746842343,0.427212967690229,2,0.8224534407361705,False
CUST_000672,655,0.02690289410471748,0.3176029117624657,0,0.7533547973124278,False
CUST_000673,655,0.018500969714861426,0.41966574093742115,0,0.9013962980290395,False
CUST_000674,673,0.019806886840165055,0.1261215419060779,1,0.7723151992073755,False
CUST_000675,764,0.018543892333364075,0.12856769399971407,0,0.7407984263285103,False
CUST_000676,730,0.004125272213609669,0.41384868823908416,1,0.8169693018685245,False
CUST_000677,805,0.016691897794186637,0.13806712869124763,1,0.9545536309772754,False
CUST_000678,781,0.011360131677684786,0.19772824026104624,2,0.8263494537676906,False
CUST_000679,758,0.007104384874872808,0.11805329329644673,0,0.8525687119634142,False
CUST_000680,819,0.020914824325423645,0.4254659839438516,1,0.9060973626780101,False
CUST_000681,755,0.009304094709044648,0.3678212594916834,2,0.8555540929290884,False
CUST_000682,672,0.023546874811340327,0.4029719454900095,0,0.7685411348559846,False
CUST_000683,805,0.006551241750829372,0.41841583559246287,0,0.9402289905489447,False
CUST_000684,664,0.008158340013339607,0.3748391033292996,1,0.7279087026414504,False
CUST_000685,674,0.028294615507779664,0.2631693085862049,2,0.8383222264794855,False
CUST_000686,748,0.006450054148792853,0.39675612833962404,0,0.7490079411773961,False
CUST_000687,829,0.013567527268708694,0.34734592001741244,2,0.8957468339951752,False
CUST_000688,669,0.029266717383935135,0.18989313238124828,0,0.7104534384761074,False
CUST_000689,684,0.0149188087387347,0.423021466576305,2,0.9294219644113704,False
CUST_000690,722,0.019761580190621127,0.3420734091453089,1,0.9592994199252759,False
CUST_000691,800,0.025141336891368205,0.4167616153357365,0,0.8022874818127897,False
CUST_000692,658,0.002736495451415644,0.1604068963385021,1,0.9538680695908812,False
CUST_000693,725,0.00800865585635913,0.157730929361203,1,0.9818127633614917,False
CUST_000694,807,0.011907668875878442,0.27080629117432126,1,0.7379182934902395,False
CUST_000695,828,0.01376801174463627,0.404095460611829,0,0.7380666410011595,False
CUST_000696,654,0.025302235037347617,0.15418242667231397,0,0.7509940151472771,False
CUST_000697,787,0.024129280688991686,0.10944036226836809,1,0.9143024461990268,False
CUST_000698,769,0.012930726051832112,0.3105813967491605,1,0.9424430754376563,False
CUST_000699,786,0.0014835643236184495,0.11931628987284128,2,0.8737915811827971,False
CUST_000700,845,0.0076165916038894825,0.2143838730601814,2,0.9579613595805827,False
CUST_000701,823,0.008925007742365824,0.3439198501436723,1,0.9103361745146589,False
CUST_000702,647,0.23400913323983175,0.8679935647632755,16,0.3101983193414851,True
CUST_000703,652,0.017895438379757506,0.23983426547924688,2,0.8919702094607358,False
CUST_000704,804,0.003914367941145666,0.19955771625179458,1,0.7570422172826952,False
CUST_000705,672,0.005393007886949172,0.3076689528889205,2,0.8000124528909189,False
CUST_000706,713,0.02851869735853977,0.34671756838795253,0,0.9062950978830445,False
CUST_000707,654,0.0027116568891303395,0.1275838502013084,0,0.9577244262414679,False
CUST_000708,494,0.1287580099268175,0.5774715254562165,17,0.45050958158563303,True
CUST_000709,750,0.02887165320146199,0.39303050775325954,0,0.868165207686342,False
CUST_000710,706,0.0058820496012660034,0.19291634684320408,2,0.888429896346522,False
CUST_000711,745,0.009822285892220221,0.4267522867922875,1,0.8882352449799558,False
CUST_000712,711,0.029025961745588053,0.4114133455449758,1,0.7731996935942143,False
CUST_000713,764,0.020550389731012687,0.13588060291328968,1,0.7039366761317452,False
CUST_000714,538,0.28342336044712557,0.6974145188736388,7,0.3433100233054827,True
CUST_000715,727,0.0022336554605697527,0.3033115938823429,0,0.800120534332774,False
CUST_000716,771,0.003241791686424265,0.11401111675488344,0,0.9159619310672071,False
CUST_000717,743,0.011255568861811192,0.23801758004076953,0,0.9645239884498715,False
CUST_000718,730,0.01875330583750959,0.4089912120281495,0,0.8406091604901453,False
CUST_000719,717,0.024335448012013133,0.16103238424466426,1,0.9184712441301364,False
CUST_000720,706,0.016562612807197136,0.28985663298893516,0,0.9459592563287235,False
CUST_000721,784,0.005291045063200452,0.15988873924991526,0,0.9281689215751772,False
CUST_000722,766,0.0021892178369612952,0.4200255561745443,1,0.8910041043898378,False
CUST_000723,844,0.027297608079621945,0.16882879433440834,2,0.7243976591893243,False
CUST_000724,752,0.026088627441005166,0.3157441194703014,1,0.8495941658494159,False
CUST_000725,790,0.029455472957455535,0.17842311289775953,0,0.7721252647806284,False
CUST_000726,757,0.005430128552325304,0.2112162550077974,2,0.8159883490752997,False
CUST_000727,725,0.0164559699733282,0.12576358592941272,1,0.8691589657953618,False
CUST_000728,735,0.019170426491324572,0.2616868216093642,0,0.9062631008688997,False
CUST_000729,437,0.10956304812200332,0.6524271699116897,8,0.5917949848400081,True
CUST_000730,680,0.0029264409440082134,0.12785102630964068,1,0.7353379243204683,False
CUST_000731,797,0.008964972947763047,0.41585767926960704,2,0.9359843815891895,False
CUST_000732,837,0.014167684578591452,0.23154834881531214,0,0.8146702594587673,False
CUST_000733,751,0.007991713953817123,0.15196703383611052,1,0.9791833558899032,False
CUST_000734,712,0.02810282221177095,0.4432827480300052,1,0.9488877605234791,False
CUST_000735,849,0.013366883481496932,0.35219947790394157,0,0.816319371348008,False
CUST_000736,664,0.013561368749416616,0.4428922603243064,1,0.7118753195320072,False
CUST_000737,751,0.008420850797619076,0.14847853988511922,1,0.9748579701546567,False
CUST_000738,784,0.020479147501724505,0.25621361598307757,1,0.7824833296629741,False
CUST_000739,771,0.018540472873915005,0.23387555334832422,1,0.7818276943987332,False
CUST_000740,783,0.026563509945825903,0.28818341930328617,1,0.8247181370477746,False
CUST_000741,671,0.010725039930433389,0.34781732243436775,1,0.7223019153591473,False
CUST_000742,669,0.013936859267367804,0.33458193954914667,0,0.8180108297970858,False
CUST_000743,766,0.018855551504620496,0.28667298515646256,2,0.9166028445234404,False
CUST_000744,742,0.010320762505554821,0.14297009803872024,2,0.7965744068432338,False
CUST_000745,847,0.02260293153710511,0.2508860285387504,0,0.7696020583634523,False
CUST_000746,721,0.01505579443459264,0.21312998130031557,1,0.8585391487000922,False
CUST_000747,812,0.019702350213686184,0.31670875582325086,2,0.7038809971569272,False
CUST_000748,680,0.011149546968794954,0.24673444286524635,1,0.9511175621047017,False
CUST_000749,781,0.023130335018707954,0.18507192319219928,0,0.7199341033513058,False
CUST_000750,721,0.01411006167760094,0.26091442412859683,2,0.9372240677164967,False
CUST_000751,831,0.015663572523331337,0.43464205101763664,2,0.9503961532410399,False
CUST_000752,675,0.008341790474187918,0.2659256188451077,2,0.9340786017911636,False
CUST_000753,735,0.019997479858561193,0.3351850846968675,2,0.8512935229702059,False
CUST_000754,689,0.009513588060227812,0.20011860056603253,1,0.9373457180110069,False
CUST_000755,712,0.014767649066904184,0.1988526616322568,0,0.853594030931076,False
CUST_000756,781,0.0270686971741017,0.3323992224092145,0,0.9567310195921575,False
CUST_000757,775,0.008411296185876724,0.15000067043027837,1,0.9012994118649946,False
CUST_000758,720,0.01675076702987248,0.23228633369989074,0,0.7360501267212513,False
CUST_000759,756,0.02121680722200023,0.29597051028114457,2,0.9734826615998401,False
CUST_000760,795,0.01302728575044938,0.145947047234112,1,0.8020180039005798,False
CUST_000761,794,0.025649871584423865,0.3111735152661737,1,0.9379949728730733,False
CUST_000762,804,0.019925685386772377,0.30985698440928655,2,0.7679448089053852,False
CUST_000763,417,0.17683617358625853,0.6386359508574224,6,0.26547962575540857,True
CUST_000764,666,0.012396586782154988,0.3709259306358903,1,0.7595744331224283,False
CUST_000765,777,0.014590337780530128,0.17623872030799498,1,0.9718004611998778,False
CUST_000766,841,0.02826211751796526,0.33018956473982786,0,0.8525633721290691,False
CUST_000767,843,0.013811442497185866,0.13855187512640849,1,0.7171841002297761,False
CUST_000768,848,0.013742090281846506,0.3297593254775647,0,0.8647788288116136,False
CUST_000769,787,0.015773825435502903,0.1730584369005182,1,0.9482565014507573,False
CUST_000770,690,0.005141951006439072,0.3619043995434781,1,0.8041065048934612,False
CUST_000771,767,0.006413848760925299,0.23958488188340607,2,0.8794908111268357,False
CUST_000772,651,0.008989579647660208,0.4014163793924681,1,0.7175803588477488,False
CUST_000773,667,0.011914305538656456,0.15258837682064313,1,0.8191471214770717,False
CUST_000774,663,0.0038715783589182936,0.4095882655573385,0,0.9722211760269798,False
CUST_000775,726,0.007012764128285807,0.27685984971773503,1,0.8910780936945101,False
CUST_000776,772,0.01055428271684869,0.41386649359869576,0,0.9942159111547102,False
CUST_000777,842,0.025517156790216492,0.3749106479091455,1,0.791137107975734,False
CUST_000778,810,0.019163804306456384,0.1013520364804681,0,0.826980849694844,False
CUST_000779,670,0.0032334127651399264,0.1899775184623102,1,0.9295134504975627,False
CUST_000780,779,0.024067622216729506,0.26551487605054,0,0.9768839698834297,False
CUST_000781,685,0.006916395387006041,0.18139234050275124,2,0.7734292112903213,False
CUST_000782,754,0.012933137323963059,0.12048082055591812,2,0.712287935336617,False
CUST_000783,725,0.009327409842725405,0.30981137752339594,0,0.7355961325182617,False
CUST_000784,822,0.0020557666004038296,0.30077935441099807,0,0.8062307691859832,False
CUST_000785,791,0.006237722073823794,0.3955386555932684,2,0.9725353280889247,False
CUST_000786,771,0.023549778872092055,0.3474881094617702,2,0.7375894645945553,False
CUST_000787,752,0.02233680018681319,0.25962988321752817,0,0.8270453412549679,False
CUST_000788,831,0.006520379044831812,0.4306508395520877,1,0.8166537906450329,False
CUST_000789,659,0.015120729777487716,0.22150692564637026,1,0.9150725238554712,False
CUST_000790,534,0.18574842334591044,0.6366831775466546,9,0.39779971443131446,True
CUST_000791,691,0.01845025933858964,0.20648504624360994,1,0.9965822778226419,False
CUST_000792,850,0.0024024115217897626,0.2703308534398229,0,0.9067761876980167,False
CUST_000793,720,0.02566343920790753,0.11589978682791349,0,0.8874433278875847,False
CUST_000794,728,0.015254038086616108,0.11272345886342651,2,0.7090214313227969,False
CUST_000795,722,0.02554715520908586,0.28433291410453493,2,0.785556055472547,False
CUST_000796,675,0.007264614538921687,0.14224515899075266,1,0.9393053711211325,False
CUST_000797,803,0.004325806219642077,0.33791829599385104,2,0.9496946804726063,False
CUST_000798,816,0.01884796074854166,0.1487667043015077,1,0.9159297751165975,False
CUST_000799,680,0.021932506804292942,0.21442116197841107,2,0.9921032551192865,False
CUST_000800,676,0.01780423613666568,0.1648617683988015,2,0.8421425877078936,False
CUST_000801,673,0.028210594847053086,0.30790281623845667,2,0.9937948602751467,False
CUST_000802,662,0.002038399815307083,0.21030486236010237,1,0.7553189406191323,False
CUST_000803,800,0.002378051031000745,0.4439741064660836,1,0.7513541753913566,False
CUST_000804,810,0.008929314239966363,0.1321768338613406,0,0.7299436619609494,False
CUST_000805,677,0.025290431693063234,0.41043897900000936,0,0.8973967306971314,False
CUST_000806,673,0.0170885127501725,0.23640163101176337,2,0.7022058322173697,False
CUST_000807,696,0.02667139153508993,0.3400149205246703,1,0.7289483569253761,False
CUST_000808,744,0.02384158995923968,0.24983432519953316,0,0.9874849439053188,False
CUST_000809,653,0.010397437095155976,0.27687703653543794,1,0.8771891808604422,False
CUST_000810,831,0.017392768473408118,0.304662370673467,2,0.8069753307314668,False
CUST_000811,846,0.023508370139034323,0.31551552535018096,0,0.8095106370381338,False
CUST_000812,761,0.015081101031123676,0.40206475015395204,2,0.9856253417754082,False
CUST_000813,679,0.016840934468992413,0.11239346676243263,1,0.7215650339630856,False
CUST_000814,725,0.029961873122868517,0.35912306810513117,1,0.9480072115879435,False
CUST_000815,839,0.006404970366391048,0.36567588495365755,1,0.9982842060708367,False
CUST_000816,688,0.01795439010527089,0.3681975594622491,0,0.8415582389019278,False
CUST_000817,736,0.025858185643691668,0.4182688502827049,2,0.9110268379980813,False
CUST_000818,757,0.009405729703425951,0.16598846170380493,1,0.9061274406313115,False
CUST_000819,820,0.011923298389321754,0.40357587646375637,2,0.8395986265099149,False
CUST_000820,731,0.025238551165769348,0.3510813008138006,2,0.8008518268126149,False
CUST_000821,785,0.008705349697311147,0.20300217090378847,0,0.9332245634644245,False
CUST_000822,725,0.006961677029874867,0.42157391552297574,2,0.9744441046562673,False
CUST_000823,845,0.019988417798153323,0.15367737506963552,0,0.999232300145394,False
CUST_000824,653,0.029176178609190254,0.3823511643815869,1,0.9697270278403873,False
CUST_000825,724,0.021193722927867774,0.40116441138607983,0,0.8710669067108973,False
CUST_000826,676,0.006937738661260168,0.32832048431980376,1,0.7396581238044999,False
CUST_000827,728,0.002760211256656475,0.2847677629476736,2,0.7327573171219353,False
CUST_000828,734,0.008302688531966364,0.1408386626917151,2,0.7461894952406392,False
CUST_000829,749,0.014293178785552446,0.13604394040191153,2,0.8117926958427943,False
CUST_000830,716,0.026811025949503867,0.21916993158677717,0,0.8914578479105301,False
CUST_000831,667,0.006765256500228437,0.11556072789850824,2,0.7147436565229303,False
CUST_000832,762,0.022620172163429625,0.1371672456944107,0,0.9912004377803458,False
CUST_000833,692,0.02676387585929327,0.30220391385951373,1,0.7132048123374753,False
CUST_000834,793,0.013690440112796964,0.24518503101902428,2,0.8792364967081294,False
CUST_000835,745,0.009328327886307677,0.3708330021410604,2,0.9954651512090301,False
CUST_000836,823,0.021228697775630894,0.15171912162498338,0,0.7886943767379917,False
CUST_000837,695,0.00684801578729651,0.20605472624433047,2,0.7418518311406849,False
CUST_000838,650,0.02786831983251622,0.2385378795491084,2,0.8541041147212373,False
CUST_000839,710,0.028305683634800526,0.11876950155203844,1,0.7347669392491869,False
CUST_000840,694,0.003983614071381176,0.43162248206221954,2,0.8905885483692445,False
CUST_000841,669,0.026069989572581276,0.2052465382286542,1,0.9900683240725917,False
CUST_000842,708,0.02427504595155308,0.1331428390559697,2,0.7417947073470996,False
CUST_000843,791,0.028331272245354235,0.16193945321965406,2,0.9933964332667282,False
CUST_000844,796,0.018851531021766673,0.14041267287616044,1,0.858582547570585,False
CUST_000845,806,0.020577248744446764,0.3119716261080845,0,0.7561023345419965,False
CUST_000846,785,0.006054959295839175,0.2256059610448847,2,0.7432859016021192,False
CUST_000847,766,0.018720757352725523,0.3662534275529593,0,0.8948792539666327,False
CUST_000848,772,0.0026124282556804082,0.3930874539395308,1,0.8410575007325976,False
CUST_000849,683,0.0010222456650660558,0.382815754427986,0,0.7971568267893429,False
CUST_000850,762,0.02086721160369356,0.13112117215081745,2,0.7910181746861488,False
CUST_000851,674,0.015005659572434077,0.25047665083100473,2,0.9823435410690324,False
CUST_000852,821,0.0015234620878649945,0.3461332422266393,0,0.7143360599920712,False
CUST_000853,415,0.16095445579792267,0.8418614952688237,18,0.567984290394312,True
CUST_000854,800,0.0087468860980707,0.10950806095701499,1,0.9009468666634017,False
CUST_000855,681,0.010870216407378234,0.21540820416612175,2,0.8762649225153253,False
CUST_000856,662,0.007112065661623016,0.4191436111186505,1,0.7277917567180257,False
CUST_000857,835,0.0021860072956822888,0.35903718085742586,0,0.9499813298525643,False
CUST_000858,741,0.016269414319701837,0.3808772346059176,0,0.8438696763360723,False
CUST_000859,749,0.009364549426772239,0.29231839271155396,2,0.9362823335663726,False
CUST_000860,673,0.005292037747684449,0.18476363453263384,2,0.9865442406823685,False
CUST_000861,696,0.018467630974257132,0.18610710730014626,2,0.9154134719293735,False
CUST_000862,772,0.005180940871272643,0.10566505651858765,1,0.8992133831458426,False
CUST_000863,717,0.014355045246128052,0.2774136110235713,0,0.8415183819771845,False
CUST_000864,794,0.026474022102199016,0.3959284887444747,2,0.9221475391037979,False
CUST_000865,552,0.12526818288344374,0.5002598516728304,18,0.5958162854287682,True
CUST_000866,679,0.0014846268555230688,0.34638353952239126,2,0.9596205481007466,False
CUST_000867,808,0.012708054525137846,0.3946600513627242,1,0.7647393380344111,False
CUST_000868,838,0.029642397742129435,0.3677964573693926,0,0.9026193305939687,False
CUST_000869,829,0.0036708678175733926,0.10352470026819229,0,0.8245099024594563,False
CUST_000870,735,0.01641202458776418,0.24147482720863464,0,0.7738721512140355,False
CUST_000871,743,0.010041326039664678,0.427023675892496,0,0.820044287406335,False
CUST_000872,822,0.004051794671120274,0.30886481364982454,1,0.7275042508877615,False
CUST_000873,710,0.009205292406930885,0.23265308996836517,1,0.9727549861340647,False
CUST_000874,696,0.025786731443919124,0.22361271954694273,0,0.9690484534679908,False
CUST_000875,662,0.028057757396676247,0.10892492704609102,2,0.7511454658171934,False
CUST_000876,768,0.018508850944587454,0.42182643843552003,0,0.7351883228760528,False
CUST_000877,848,0.02680855382297872,0.1363641999678025,2,0.707438414893056,False
CUST_000878,798,0.015876387867140657,0.4212840856384057,1,0.7033160570795943,False
CUST_000879,769,0.02801683016294044,0.3248194419740823,2,0.8694804710128169,False
CUST_000880,761,0.011279286628150701,0.3710644953871567,2,0.713969941493753,False
CUST_000881,697,0.011837318200186728,0.26116437893110933,2,0.9251336054202909,False
CUST_000882,798,0.0042959803067751205,0.4127542032099689,1,0.8410951774144677,False
CUST_000883,796,0.016672488664960315,0.26330046997461487,2,0.8626241400075796,False
CUST_000884,802,0.021097698303436364,0.10279305583175648,2,0.8345608335789088,False
CUST_000885,729,0.01095249209026396,0.22500440236010752,0,0.8199824297686884,False
CUST_000886,715,0.02761890751988628,0.37691621820586496,1,0.907158225722262,False
CUST_000887,721,0.017570215369868653,0.3168097956246785,0,0.7701879964835442,False
CUST_000888,759,0.013662282538168317,0.40756198684062594,0,0.7308950904829362,False
CUST_000889,764,0.016893570181043763,0.24811908056129556,1,0.8948233738526216,False
CUST_000890,654,0.021547717229480495,0.2124257481768847,2,0.7531786366061325,False
CUST_000891,661,0.006945694906333838,0.44202190810130837,2,0.8484665188572409,False
CUST_000892,668,0.01708862634647117,0.2922009886042347,2,0.7539345893991748,False
CUST_000893,687,0.003245151221169572,0.26535910870137136,2,0.9503991906614532,False
CUST_000894,655,0.012304071654728382,0.44055440945075586,1,0.9526885080222003,False
CUST_000895,699,0.010017836327946377,0.13155063028881858,2,0.7058225341626031,False
CUST_000896,454,0.2283313381865099,0.6484146079824313,16,0.45318145565092977,True
CUST_000897,468,0.2691463214061831,0.8474609737848264,13,0.5763900504882484,True
CUST_000898,654,0.008868453062118246,0.31702416351350315,1,0.7539734868902355,False
CUST_000899,687,0.02392118680616104,0.32310285020090435,0,0.8556868584497219,False
CUST_000900,774,0.019008719910402157,0.35758428589282687,1,0.7011125655262936,False
CUST_000901,707,0.015578531867840889,0.22905256258345916,2,0.8175954526995668,False
CUST_000902,732,0.026066629607828604,0.1204215805760935,1,0.8031167363481425,False
CUST_000903,669,0.010460582163351322,0.43995188432436105,2,0.915429505407707,False
CUST_000904,673,0.026399645912567146,0.37893714639317577,2,0.8848698205900785,False
CUST_000905,794,0.013511744970971497,0.26044437945442167,0,0.7665461708315964,False
CUST_000906,764,0.011711606805543458,0.3608426552759424,0,0.7168132092487256,False
CUST_000907,769,0.02782420176805665,0.26738194192647424,2,0.8570679057150683,False
CUST_000908,656,0.026805793366924173,0.3557671797035046,1,0.825460723842507,False
CUST_000909,832,0.0032308176066769214,0.42016878926018175,2,0.7599320324907951,False
CUST_000910,683,0.015334807064948525,0.21877838615808692,1,0.713178815156902,False
CUST_000911,793,0.010153711490077346,0.4368398241532888,2,0.8177395175320472,False
CUST_000912,815,0.003136235039434238,0.2449339458497633,1,0.9805580208961626,False
CUST_000913,786,0.013575652625581303,0.23181518182831876,0,0.9107670864384719,False
CUST_000914,802,0.021066191663980213,0.3599396657978503,1,0.8110794379885196,False
CUST_000915,756,0.010936417050424679,0.17427074914906873,0,0.7325264828948799,False
CUST_000916,786,0.009907156514747432,0.10439329033849078,2,0.9311609660086444,False
CUST_000917,808,0.016746232884454596,0.3896197750412306,1,0.8409710756461799,False
CUST_000918,735,0.007105032303209836,0.24797672681789404,2,0.9644951648749456,False
CUST_000919,686,0.009883571064710977,0.13749406634602965,0,0.9357732185950358,False
CUST_000920,640,0.28893023148753333,0.5552480218357194,5,0.5986933779501767,True
CUST_000921,741,0.022976884839934333,0.15137409624143877,2,0.8657204148585261,False
CUST_000922,806,0.016981480935613115,0.43649850471880414,0,0.9196949150921268,False
CUST_000923,823,0.01388649587734088,0.197992132725279,0,0.8044781939850004,False
CUST_000924,688,0.02054285882196148,0.4062740335652719,0,0.926890724991126,False
CUST_000925,756,0.027216684084194233,0.3081446621289467,0,0.7504124775706557,False
CUST_000926,834,0.024564995874117698,0.19120186825591684,2,0.7316748450150523,False
CUST_000927,675,0.025727434674308727,0.14690739709452502,2,0.912107371155395,False
CUST_000928,813,0.027586362203146593,0.37967570250306804,1,0.8676617714922563,False
CUST_000929,791,0.02385965651471604,0.10807384668916542,2,0.8353813438196647,False
CUST_000930,667,0.0017004223470494539,0.4452452588732415,1,0.7312861413931928,False
CUST_000931,838,0.024390526703900052,0.1804304129042779,2,0.9790939635478804,False
CUST_000932,789,0.00713352057196042,0.2639687677296608,1,0.8114507587927009,False
CUST_000933,697,0.014930822948959033,0.39849785908008384,1,0.7702936735426019,False
CUST_000934,803,0.006665458469169018,0.4430419549051725,0,0.9165138027607277,False
CUST_000935,746,0.009932960368957865,0.3443054985553963,2,0.7321330338861288,False
CUST_000936,800,0.02336673754759424,0.11254449955874635,0,0.9982190639582297,False
CUST_000937,684,0.007082434555220796,0.1076902414190126,2,0.8388080900537582,False
CUST_000938,752,0.029981792955327543,0.25280336163234246,1,0.8993715065433846,False
CUST_000939,693,0.012907758451694236,0.13236068928618783,2,0.7666583795440542,False
CUST_000940,744,0.005649018806061826,0.3964072534853543,1,0.9257663402558156,False
CUST_000941,799,0.01496135460856805,0.3559061892116393,0,0.9629155963458343,False
CUST_000942,722,0.012024226719664046,0.29041829729810836,1,0.7383502416307365,False
CUST_000943,685,0.011673365576431463,0.4074572580239544,2,0.8877173778172627,False
CUST_000944,741,0.019522491390126094,0.10925213057644952,0,0.9285474989039875,False
CUST_000945,679,0.00498351148831286,0.4438711049138262,0,0.9702435957204282,False
CUST_000946,737,0.0029263561971450127,0.4014439290265629,1,0.7314320490861708,False
CUST_000947,674,0.009122022227584396,0.10877843221873693,2,0.7315041811180631,False
CUST_000948,663,0.012838589701984676,0.2934776789171286,2,0.9453413107281157,False
CUST_000949,707,0.016785535724327616,0.4435798366345677,2,0.82285159131693,False
CUST_000950,812,0.02487991749802284,0.29419143262976133,0,0.9047911362262275,False
CUST_000951,670,0.012245894334479084,0.31175611949658794,0,0.9749282132460625,False
CUST_000952,752,0.027377954224710826,0.41332835197014484,0,0.7154706831922188,False
CUST_000953,670,0.022537444532486323,0.15591576619366188,2,0.7173081927431321,False
CUST_000954,722,0.018389000954741868,0.2831715819552404,2,0.9684816502601601,False
CUST_000955,820,0.0272855804135244,0.44252988868368626,0,0.7614139715205236,False
CUST_000956,778,0.012569967648838602,0.16367414946246917,2,0.7050370729083835,False
CUST_000957,698,0.017286768450384044,0.1340514504846457,0,0.9351029002349094,False
CUST_000958,707,0.01351092229344603,0.3842003087689413,1,0.8792921736633428,False
CUST_000959,586,0.21643961683206475,0.8052567789724678,9,0.2656563851905098,True
CUST_000960,786,0.017363687708665358,0.3104609729846397,0,0.7502933124170712,False
CUST_000961,797,0.023812926653273437,0.4152229419757021,2,0.9111871746281996,False
CUST_000962,701,0.016476024731277773,0.4404277227871992,0,0.8835763177844911,False
CUST_000963,817,0.02090757606666922,0.4092698052776682,0,0.8037770818546102,False
CUST_000964,794,0.023178203684118194,0.2092689546725306,2,0.9362381563145437,False
CUST_000965,822,0.029296644194779446,0.37915040298090275,1,0.8957761514189801,False
CUST_000966,770,0.0025454771023234405,0.20078537581108474,0,0.8366675448137761,False
CUST_000967,814,0.0022437106099428557,0.28356374748992624,1,0.7588651259392887,False
CUST_000968,746,0.014132228582024998,0.22354918716079486,2,0.95211619607522,False
CUST_000969,787,0.003549143276664487,0.1590147945427176,0,0.7925349484517787,False
CUST_000970,725,0.002902721713329556,0.2563837450666673,0,0.7449513292263745,False
CUST_000971,701,0.029749132556142022,0.16377560354369558,1,0.8486886166989339,False
CUST_000972,697,0.02746032613124996,0.18000756660607692,2,0.8137411021273405,False
CUST_000973,715,0.017808183581928243,0.12387882405731472,2,0.9683119308969357,False
CUST_000974,678,0.029229988422664662,0.14857175129826308,0,0.9548205447423077,False
CUST_000975,656,0.023973918388803687,0.10845684172745645,2,0.9913855148201649,False
CUST_000976,728,0.02990197124779722,0.18579056715871348,0,0.8371457729184488,False
CUST_000977,698,0.015566769665179062,0.3843526870578997,2,0.9715377214063425,False
CUST_000978,673,0.019024110821819998,0.29071426905268777,0,0.8947120414029084,False
CUST_000979,687,0.020198459053499075,0.1304659305529677,2,0.742463452237764,False
CUST_000980,847,0.016961911630627314,0.3501721428633203,0,0.9735742568105237,False
CUST_000981,731,0.00359504615195004,0.12522316528173966,1,0.9137568851965271,False
CUST_000982,733,0.0182790171636062,0.1960777311159651,0,0.9689302784257365,False
CUST_000983,824,0.021351288552749256,0.2509233770572987,1,0.7787778548181128,False
CUST_000984,743,0.023506074470747967,0.11551454249549745,1,0.7948439142586496,False
CUST_000985,669,0.010965730114191448,0.24182490054361458,1,0.867064780143676,False
CUST_000986,811,0.008076285531485136,0.33582259908053586,0,0.7732175301799419,False
CUST_000987,792,0.02671001020059325,0.14399098491949205,1,0.9214014343538921,False
CUST_000988,651,0.017257215121434896,0.1747965635847516,1,0.9526571341513987,False
CUST_000989,661,0.024742528466839643,0.1467568642355659,2,0.7681683465744884,False
CUST_000990,655,0.0245975008783773,0.18228453304631737,1,0.7108516558162208,False
CUST_000991,842,0.02798382385261935,0.2317402529378073,1,0.9785872437162868,False
CUST_000992,706,0.021115416142381365,0.2284949595624569,1,0.7178325688546836,False
CUST_000993,725,0.021486001020550913,0.29667236583357925,0,0.8717916259271612,False
CUST_000994,670,0.029112023195695995,0.1251918197666179,0,0.9306240975661478,False
CUST_000995,825,0.020681443307219438,0.19693483705767725,2,0.8740336638678041,False
CUST_000996,517,0.3108547612519828,0.7353585768171091,10,0.36206384549153753,True
CUST_000997,836,0.02460149549181484,0.313425711212984,2,0.7148193944919401,False
CUST_000998,783,0.02678379588587652,0.14539600882234077,0,0.8191013192836627,False
CUST_000999,842,0.028567063709573726,0.28183041322213187,0,0.7222640632459538,False
